,id,age,trestbps,chol,thalch,oldpeak,ca,num
id,1.0,0.23930102294264105,0.052923666030916174,-0.3769357390726547,-0.4664274665203594,0.04993017119850107,0.061433463968133276,0.27355186699472844
age,0.23930102294264105,1.0,0.24425250739362545,-0.08623436708148703,-0.36577820960527435,0.2582429297187727,0.37041623120635536,0.3395955928344371
trestbps,0.052923666030916174,0.24425250739362545,1.0,0.09285323339981742,-0.10489866752388487,0.16190837662653568,0.09370452172797344,0.12229082931453811
chol,-0.3769357390726547,-0.08623436708148703,0.09285323339981742,1.0,0.23612064390555482,0.04773406042574918,0.05160588846601526,-0.23154714970514442
thalch,-0.4664274665203594,-0.36577820960527435,-0.10489866752388487,0.23612064390555482,1.0,-0.1511741542823955,-0.2640940689675309,-0.3662653994442532
oldpeak,0.04993017119850107,0.2582429297187727,0.16190837662653568,0.04773406042574918,-0.1511741542823955,1.0,0.2818165761201971,0.443084097484379
ca,0.061433463968133276,0.37041623120635536,0.09370452172797344,0.05160588846601526,-0.2640940689675309,0.2818165761201971,1.0,0.5162163234345344
num,0.27355186699472844,0.3395955928344371,0.12229082931453811,-0.23154714970514442,-0.3662653994442532,0.443084097484379,0.5162163234345344,1.0
